feature      , importance_mean, importance_std, importance_min, importance_max, positive_repeat_fraction, positive_fold_fraction
2ndFlrSF     , 0.035          , 0.003         , 0.031         , 0.038         , 1.00                    , 1.00
GrLivArea    , 0.030          , 0.001         , 0.029         , 0.032         , 1.00                    , 1.00
OverallQual  , 0.029          , 0.002         , 0.027         , 0.031         , 1.00                    , 1.00
1stFlrSF     , 0.022          , 0.002         , 0.020         , 0.024         , 1.00                    , 1.00
YearBuilt    , 0.019          , 0.001         , 0.018         , 0.020         , 1.00                    , 1.00
OverallCond  , 0.019          , 0.001         , 0.018         , 0.021         , 1.00                    , 1.00
TotalBsmtSF  , 0.017          , 0.001         , 0.016         , 0.018         , 1.00                    , 1.00
LotArea      , 0.014          , 0.001         , 0.013         , 0.015         , 1.00                    , 1.00
Neighborhood , 0.007          , 0.001         , 0.006         , 0.009         , 1.00                    , 1.00
MSZoning     , 0.007          , 0.001         , 0.006         , 0.008         , 1.00                    , 1.00
BsmtFinSF1   , 0.005          , 0.000         , 0.004         , 0.005         , 1.00                    , 1.00
GarageCars   , 0.004          , 0.001         , 0.004         , 0.005         , 1.00                    , 1.00
SaleCondition, 0.004          , 0.000         , 0.003         , 0.005         , 1.00                    , 1.00
Functional   , 0.004          , 0.000         , 0.003         , 0.004         , 1.00                    , 1.00
YearRemodAdd , 0.004          , 0.001         , 0.003         , 0.005         , 1.00                    , 1.00
Condition1   , 0.003          , 0.001         , 0.002         , 0.004         , 1.00                    , 1.00
BsmtExposure , 0.003          , 0.001         , 0.002         , 0.004         , 1.00                    , 1.00
KitchenQual  , 0.002          , 0.001         , 0.001         , 0.003         , 1.00                    , 1.00
CentralAir   , 0.002          , 0.001         , 0.001         , 0.003         , 1.00                    , 1.00
GarageArea   , 0.002          , 0.000         , 0.001         , 0.002         , 1.00                    , 1.00
Exterior1st  , 0.002          , 0.001         , 0.001         , 0.002         , 1.00                    , 0.80
MSSubClass   , 0.00136        , 0.00019       , 0.00105       , 0.00154       , 1.00                    , 0.80
FullBath     , 0.00125        , 0.00028       , 0.00090       , 0.00166       , 1.00                    , 1.00
BsmtFullBath , 0.00114        , 0.00028       , 0.00083       , 0.00144       , 1.00                    , 0.80
FireplaceQu  , 0.00112        , 0.00042       , 0.00074       , 0.00172       , 1.00                    , 0.80
ScreenPorch  , 0.00106        , 0.00063       , 0.00022       , 0.00180       , 1.00                    , 1.00
HalfBath     , 0.00099        , 0.00024       , 0.00062       , 0.00126       , 1.00                    , 1.00
Foundation   , 0.00098        , 0.00029       , 0.00053       , 0.00131       , 1.00                    , 1.00
WoodDeckSF   , 0.00092        , 0.00030       , 0.00056       , 0.00127       , 1.00                    , 0.80
HeatingQC    , 0.00091        , 0.00047       , 0.00031       , 0.00146       , 1.00                    , 1.00
LotConfig    , 0.00070        , 0.00033       , 0.00032       , 0.00105       , 1.00                    , 1.00
PavedDrive   , 0.00068        , 0.00021       , 0.00044       , 0.00095       , 1.00                    , 0.80
KitchenAbvGr , 0.00057        , 0.00009       , 0.00048       , 0.00073       , 1.00                    , 0.80
PoolArea     , 0.00056        , 0.00022       , 0.00025       , 0.00076       , 1.00                    , 0.60
GarageCond   , 0.00055        , 0.00009       , 0.00044       , 0.00063       , 1.00                    , 1.00
MasVnrType   , 0.00042        , 0.00025       , 0.00003       , 0.00064       , 1.00                    , 1.00
SaleType     , 0.00040        , 0.00027       , 0.00009       , 0.00076       , 1.00                    , 0.60
BsmtQual     , 0.00032        , 0.00020       , -0.00002      , 0.00049       , 0.80                    , 1.00
BsmtFinType1 , 0.00027        , 0.00030       , -0.00000      , 0.00078       , 0.80                    , 0.80
BsmtFinSF2   , 0.00027        , 0.00028       , -0.00001      , 0.00072       , 0.80                    , 0.60
LotFrontage  , 0.00017        , 0.00012       , -0.00001      , 0.00032       , 0.80                    , 0.80
GarageType   , 0.00014        , 0.00016       , -0.00007      , 0.00034       , 0.80                    , 0.80
BsmtCond     , 0.00012        , 0.00020       , -0.00012      , 0.00040       , 0.60                    , 0.80
BsmtHalfBath , 0.00006        , 0.00007       , -0.00004      , 0.00013       , 0.80                    , 0.80
BsmtFinType2 , 0.00005        , 0.00011       , -0.00008      , 0.00017       , 0.60                    , 0.60
GarageFinish , 0.00001        , 0.00010       , -0.00009      , 0.00016       , 0.40                    , 0.40
ExterCond    , 0.00001        , 0.00019       , -0.00019      , 0.00026       , 0.40                    , 0.60
ExterQual    , 0.00000        , 0.00016       , -0.00023      , 0.00020       , 0.60                    , 0.80
Street       , -              , -             , -             , -             , -                       , -
Alley        , -              , -             , -             , -             , -                       , -
Utilities    , -              , -             , -             , -             , -                       , -
Condition2   , -              , -             , -             , -             , -                       , -
BldgType     , -              , -             , -             , -             , -                       , -
HouseStyle   , -              , -             , -             , -             , -                       , -
RoofMatl     , -              , -             , -             , -             , -                       , -
Exterior2nd  , -              , -             , -             , -             , -                       , -
MasVnrArea   , -              , -             , -             , -             , -                       , -
BsmtUnfSF    , -              , -             , -             , -             , -                       , -
Heating      , -              , -             , -             , -             , -                       , -
LowQualFinSF , -              , -             , -             , -             , -                       , -
BedroomAbvGr , -              , -             , -             , -             , -                       , -
TotRmsAbvGrd , -              , -             , -             , -             , -                       , -
Fireplaces   , -              , -             , -             , -             , -                       , -
GarageYrBlt  , -              , -             , -             , -             , -                       , -
GarageQual   , -              , -             , -             , -             , -                       , -
PoolQC       , -              , -             , -             , -             , -                       , -
3SsnPorch    , -0.00000       , 0.00005       , -0.00007      , 0.00007       , 0.40                    , 0.60
MiscVal      , -0.00001       , 0.00011       , -0.00020      , 0.00005       , 0.80                    , 0.40
EnclosedPorch, -0.00002       , 0.00004       , -0.00007      , 0.00003       , 0.40                    , 0.60
LotShape     , -0.00003       , 0.00007       , -0.00012      , 0.00007       , 0.40                    , 0.60
Electrical   , -0.00003       , 0.00008       , -0.00014      , 0.00005       , 0.40                    , 0.40
MiscFeature  , -0.00004       , 0.00010       , -0.00018      , 0.00009       , 0.40                    , 0.40
Fence        , -0.00006       , 0.00007       , -0.00012      , 0.00002       , 0.40                    , 0.40
YrSold       , -0.00008       , 0.00008       , -0.00021      , -0.00001      , -                       , 0.40
MoSold       , -0.00009       , 0.00010       , -0.00025      , -0.00000      , -                       , 0.40
LandContour  , -0.00016       , 0.00003       , -0.00021      , -0.00014      , -                       , -
LandSlope    , -0.00019       , 0.00007       , -0.00028      , -0.00012      , -                       , 0.20
OpenPorchSF  , -0.00020       , 0.00004       , -0.00027      , -0.00017      , -                       , 0.80
RoofStyle    , -0.00027       , 0.00010       , -0.00042      , -0.00018      , -                       , 0.40
